timestamp_ist,platform,level,entity_name,old_status,new_status,action
2026-06-04T14:18:16+05:30,meta,campaign,META_BA_MULTI_SCALE_ABO_AppP_BFC-VOLUME_010626,Active,Inactive,PAUSED
2026-06-04T21:18:33+05:30,meta,campaign,META_BA_MULTI_SCALE_ABO_AppP_BFC-VOLUME_040626,Inactive,Active,STARTED
2026-06-04T21:18:38+05:30,meta,ad_set,MUMBAI_ALL_PBFC_L1-L2-L3_BROAD_MULTI_APPSTORE_ABO_BFC-VOLUME_MULTI_NA,Inactive,Active,STARTED
2026-06-04T21:18:39+05:30,meta,ad_set,BHARAT_ALL_PBFC_L1-L2-L3_BROAD_MULTI_APPSTORE_ABO_BFC-VOLUME_MULTI_NA,Inactive,Active,STARTED
2026-06-04T21:18:41+05:30,meta,ad_set,DEL_ALL_PBFC_L1-L2-L3_BROAD_MULTI_APPSTORE_ABO_BFC-VOLUME_MULTI_NA,Inactive,Active,STARTED
2026-06-05T21:21:18+05:30,meta,campaign,META_PR_MULTI_ABO_Aware_PM-AWARENESS_050626,Inactive,Active,STARTED
2026-06-05T21:21:30+05:30,meta,ad_set,BLR_ALL_TPLAY_GoPM_LEARNMORE_WEBSITE_ABO_PM-AWARENESS_MULTI_NA,Inactive,Active,STARTED
2026-06-05T21:21:30+05:30,meta,ad_set,DEL_ALL_TPLAY_GoPM_LEARNMORE_WEBSITE_ABO_PM-AWARENESS_MULTI_NA,Inactive,Active,STARTED
2026-06-05T21:21:30+05:30,meta,ad_set,MUMBAI_ALL_TPLAY_GoPM_LEARNMORE_WEBSITE_ABO_PM-AWARENESS_MULTI_NA,Inactive,Active,STARTED
2026-06-06T11:32:18+05:30,meta,ad_set,MUMBAI_ALL_PBFC_L1-L2-L3_BROAD_MULTI_APPSTORE_ABO_BFC-VOLUME_MULTI_NA,Active,Inactive,PAUSED
2026-06-06T11:32:40+05:30,meta,ad_set,BHARAT_ALL_PBFC_L1-L2-L3_BROAD_MULTI_APPSTORE_ABO_BFC-VOLUME_MULTI_NA,Active,Inactive,PAUSED
2026-06-06T11:32:45+05:30,meta,ad_set,BHARAT_ALL_SPL_L1-L2-L3_BROAD_MULTI_APPSTORE_ABO_BFC-VOLUME_MULTI_NA,Inactive,Active,STARTED
2026-06-06T11:32:47+05:30,meta,ad_set,MUMBAI_ALL_SPL_L1-L2-L3_BROAD_MULTI_APPSTORE_ABO_BFC-VOLUME_MULTI_NA,Inactive,Active,STARTED
2026-06-06T11:51:45+05:30,meta,campaign,META_BA_MULTI_SCALE_ABO_AppP_RETARGETING_040626,Inactive,Active,STARTED
2026-06-06T11:51:50+05:30,meta,ad_set,ALL_ALL_BFC_L1-L2-L3_RETARGETING-SPL-N-BFC_LEARNMORE_APPSTORE_ABO_RETARGETING_MULTI_NA,Inactive,Active,STARTED
2026-06-08T11:40:24+05:30,meta,campaign,META_BA_MULTI_SCALE_ABO_AppP_ACC-LEARN_010626,Active,Inactive,PAUSED
2026-06-08T20:07:11+05:30,meta,ad_set,MUMBAI_ALL_TPLAY_GoPM_LEARNMORE_WEBSITE_ABO_PM-AWARENESS_MULTI_NA,Active,Inactive,PAUSED
2026-06-08T20:07:13+05:30,meta,ad_set,BLR_ALL_TPLAY_GoPM_LEARNMORE_WEBSITE_ABO_PM-AWARENESS_MULTI_NA,Active,Inactive,PAUSED
2026-06-09T12:45:41+05:30,meta,ad_set,ALL_ALL_BFC_L1-L2-L3_RETARGETING-SPL-N-BFC_LEARNMORE_APPSTORE_ABO_RETARGETING_MULTI_NA,Active,Inactive,PAUSED
2026-06-09T15:43:04+05:30,meta,ad_set,MUMBAI_ALL_SPL_L1-L2-L3_BROAD_MULTI_APPSTORE_ABO_BFC-VOLUME_MULTI_NA,Active,Inactive,PAUSED
2026-06-10T00:51:49.028+05:30,google,campaign,GOOGLE_BA_MUM_SCALE_ABO_UAC_BFC-VOLUME_010626,ENABLED,PAUSED,PAUSED
2026-06-10T00:51:59.773+05:30,google,campaign,GOOGLE_BA_BHA_SCALE_ABO_UAC_BFC-VOLUME_010626,ENABLED,PAUSED,PAUSED
2026-06-16T18:42:15+05:30,meta,ad_set,DEL_ALL_BFC_L0-L1-L2_RMKT-VV75-MAST90_BOOKNOW_APPSTORE_ABO_RETARGETING_MULTI_NA,Inactive,Active,STARTED
2026-06-16T18:43:02+05:30,meta,campaign,META_BA_DEL_SCALE_ABO_Sales_RETARGETING_160626,Inactive,Active,STARTED
2026-06-17T13:34:31+05:30,meta,campaign,META_BA_MULTI_SCALE_ABO_AppP_RETARGETING_040626,Active,Inactive,PAUSED
2026-06-24T03:15:37+05:30,meta,campaign,META_TOF_DEL_SCALE_ABO_AWARENESS_PROBE_230626,Inactive,Active,STARTED
2026-06-24T03:15:40+05:30,meta,campaign,META_TOF_DEL_SCALE_ABO_AWARENESS_COLD_230626,Inactive,Active,STARTED
2026-06-24T03:16:02+05:30,meta,ad_set,DEL_ALL_REACH_BROAD_LEARNMORE_WEBSITE_ABO_PROBE-AWARENESS_TVF-AUTO_NA,Inactive,Active,STARTED
2026-06-24T03:16:05+05:30,meta,ad_set,DEL_ALL_REACH_BROAD_LEARNMORE_WEBSITE_ABO_COLD-AWARENESS_RULE_NA,Inactive,Active,STARTED
2026-06-24T03:16:07+05:30,meta,ad_set,DEL_ALL_REACH_BROAD_LEARNMORE_WEBSITE_ABO_COLD-AWARENESS_TVF-AUTO_NA,Inactive,Active,STARTED
2026-06-24T03:16:09+05:30,meta,ad_set,DEL_ALL_REACH_BROAD_LEARNMORE_WEBSITE_ABO_COLD-AWARENESS_TVF-FULL_NA,Inactive,Active,STARTED
2026-06-25T15:50:52+05:30,meta,campaign,META_TOF_DEL_SCALE_ABO_AWARENESS_PROBE_230626,Active,Inactive,PAUSED
2026-06-25T15:50:56+05:30,meta,campaign,META_TOF_DEL_SCALE_ABO_AWARENESS_PROBE_230626,Inactive,Active,STARTED
2026-06-29T23:59:53+05:30,meta,ad_set,DEL_ALL_TPLAY_BROAD_LEARNMORE_WEBSITE_ABO_WARM-AWARENESS_TVF-AUTO_NA,Inactive,Active,STARTED
2026-06-30T00:00:08+05:30,meta,campaign,META_TOF_DEL_SCALE_ABO_AWARENESS_WARM_280626,Inactive,Active,STARTED
2026-07-10T16:15:23+05:30,meta,ad_set,DEL_ALL_REACH_BROAD_LEARNMORE_WEBSITE_ABO_COLD-AWARENESS_TVF-FULL_NA – Copy,Inactive,Permanently Removed,REMOVED
2026-07-10T16:15:25+05:30,meta,ad_set,DEL_ALL_REACH_BROAD_LEARNMORE_WEBSITE_ABO_COLD-AWARENESS_TVF-AUTO_NA – Copy,Inactive,Permanently Removed,REMOVED
2026-07-12T00:39:42+05:30,meta,ad_set,BHARAT_BAREILLY_AI_L1-L2-L3_BROAD_BOOKNOW_APPSTORE_ABO_BFC-VOLUME_MULTI_NA,Active,Inactive,PAUSED
2026-07-12T00:40:27+05:30,meta,ad_set,BHARAT_MATHURA_AI_L1-L2-L3_BROAD_BOOKNOW_APPSTORE_ABO_BFC-VOLUME_MULTI_NA,Active,Inactive,PAUSED
2026-07-12T00:40:44+05:30,meta,ad_set,BHARAT_MORADABAD_AI_L1-L2-L3_BROAD_BOOKNOW_APPSTORE_ABO_BFC-VOLUME_MULTI_NA,Active,Inactive,PAUSED
2026-07-12T00:41:01+05:30,meta,ad_set,BHARAT_AGRA_AI_L1-L2-L3_BROAD_BOOKNOW_APPSTORE_ABO_BFC-VOLUME_MULTI_NA,Active,Inactive,PAUSED
2026-08-17T18:31:36+05:30,meta,ad_set,BHARAT_LUCKNOW_AI_L1-L2-L3_BROAD_BOOKNOW_APPSTORE_ABO_BFC-VOLUME_MULTI_NA,Active,Inactive,PAUSED
2026-08-21T03:47:47.996+05:30,google,campaign,GOOGLE_BA_DEL_SCALE_ABO_SEARCH_P2_05072026,ENABLED,PAUSED,PAUSED
2026-08-21T03:51:01.678+05:30,google,campaign,GOOGLE_BA_DEL_SCALE_ABO_SEARCH_L1_03072026,ENABLED,PAUSED,PAUSED
2026-08-22T12:51:05+05:30,meta,ad_set,BHARAT_LUCKNOW_SPL_L1-L2-L3_BROAD_BOOKNOW_APPSTORE_ABO_BFC-VOLUME_MULTI_NA,Inactive,Active,STARTED
2026-08-25T23:05:47+05:30,meta,ad_set,BHARAT_LUCKNOW_AI_L1-L2-L3_BROAD_BOOKNOW_APPSTORE_ABO_BFC-VOLUME_MULTI_NA_250826,Inactive,Deleted,REMOVED
2026-08-25T23:06:46+05:30,meta,ad_set,BHARAT_LUCKNOW_AI_L1-L2-L3_BROAD_BOOKNOW_APPSTORE_ABO_BFC-VOLUME_MULTI_NA,Inactive,Active,STARTED
2026-08-25T23:07:03+05:30,meta,ad_set,BHARAT_LUCKNOW_SPL_L1-L2-L3_BROAD_BOOKNOW_APPSTORE_ABO_BFC-VOLUME_MULTI_NA,Active,Inactive,PAUSED
2026-08-29T22:23:03+05:30,meta,ad_set,BHARAT_MEERUT_AI_L1-L2-L3_BROAD_BOOKNOW_APPSTORE_ABO_BFC-VOLUME_MULTI_NA,Active,Inactive,PAUSED
2026-09-04T00:42:22+05:30,meta,ad_set,DEL_ALL_REACH_BROAD_LEARNMORE_WEBSITE_ABO_COLD-AWARENESS_RULE_NA,Active,Inactive,PAUSED
2026-09-07T16:57:54+05:30,meta,campaign,META_PR_MULTI_ABO_Aware_PM-AWARENESS_050626,Active,Inactive,PAUSED
2026-09-07T16:58:31+05:30,meta,campaign,META_CSP_ROHIT_AWARENESS_REACH_3WEEKLY_22APR,Active,Inactive,PAUSED
2026-09-07T17:10:33+05:30,meta,campaign,META_ACTIVECUSTOMERS_50MBPS_AWARENESS_REACH_2WEEKLY_23APR,Active,Inactive,PAUSED
2026-09-10T02:00:46+05:30,meta,ad_set,DEL_SCALE_BFC_L1-L2-L3_BROAD_MULTI_APPSTORE_ABO_BFC-VOLUME_MULTI_NA,Inactive,Active,STARTED
2026-09-12T19:42:36+05:30,meta,ad_set,MUMBAI_CSP99_SPL_L1-L2-L3_BROAD_MULTI_APPSTORE_ABO_BFC-VOLUME_MULTI_NA,Inactive,Active,STARTED
2026-09-15T17:29:17.106+05:30,google,campaign,GOOGLE_BA_DEL_SCALE_ABO_DEMANDGEN_RMKT_BFC-VOLUME_150926,,ENABLED,STARTED
2026-09-16T23:01:03+05:30,meta,ad_set,MUMBAI_CSP99_SPL_L1-L2-L3_BROAD_MULTI_APPSTORE_ABO_BFC-VOLUME_MULTI_NA,Active,Inactive,PAUSED
2026-09-25T14:17:23+05:30,meta,ad_set,DEL_ALL_AI_L3_BROAD_BOOKNOW_APPSTORE_ABO_CREATIVE-TESTING_SEP26-T-141_NA,Inactive,Active,STARTED
2026-09-25T21:40:22+05:30,meta,ad_set,DEL_ALL_AI_L2_BROAD_BOOKNOW_APPSTORE_ABO_CREATIVE-TESTING_SEP26-T-143_NA,Inactive,Active,STARTED
2026-09-25T21:40:25+05:30,meta,ad_set,DEL_ALL_AI_L2_BROAD_BOOKNOW_APPSTORE_ABO_CREATIVE-TESTING_SEP26-T-142_NA,Inactive,Active,STARTED
2026-09-25T23:56:18+05:30,meta,ad_set,BHARAT_LUCKNOW_SPL_L1-L2-L3_BROAD_BOOKNOW_APPSTORE_ABO_BFC-VOLUME_MULTI_NA,Inactive,Active,STARTED
2026-09-25T23:58:22+05:30,meta,ad_set,BHARAT_LUCKNOW_AI_L1-L2-L3_BROAD_BOOKNOW_APPSTORE_ABO_BFC-VOLUME_MULTI_NA,Active,Inactive,PAUSED
